Z9,F,0.1699,96,96,111,113,93,93,101,105,114,128,91,91,82,90,82,98,81,81,99,105,91,91,105,105,83,83,91,91,97,97,80,82,91,99,109,115,73,73,99,113,97,97
Z7,F,0.1689,108,108,109,111,81,93,87,103,104,104,91,159,84,90,98,106,87,89,99,105,91,91,87,87,74,83,93,93,103,145,80,82,91,99,115,115,73,82,99,103,97,121
Z4,M,0.1798,88,96,101,111,89,89,101,103,104,116,91,101,90,90,92,98,81,93,103,105,89,91,81,87,83,83,91,91,103,147,82,84,91,91,101,115,73,82,97,99,99,111
Z21,F,0.2005,88,96,109,133,91,93,97,103,104,128,91,99,84,94,82,96,97,99,95,99,89,91,87,105,74,74,91,93,103,157,76,82,91,91,105,115,73,73,103,113,111,111
Z19,F,0.2055,96,106,101,165,81,89,87,95,116,118,93,101,84,90,98,106,89,97,95,103,89,91,87,87,74,77,91,91,123,145,74,84,91,93,105,109,82,82,97,105,97,121
Z18,M,0.2154,106,108,113,133,89,93,95,103,118,130,91,93,84,88,82,106,87,97,99,107,91,91,81,87,74,74,91,95,85,103,76,80,91,99,105,115,73,73,103,113,99,121
Z17,F,0.193,106,108,101,113,81,89,87,95,118,118,83,101,82,90,98,98,87,97,95,99,91,91,87,87,74,74,91,93,123,145,82,84,91,99,101,109,82,82,105,113,97,111
Z14,F,0.1946,108,108,107,111,93,103,87,103,104,116,91,99,88,94,82,98,89,89,99,103,89,97,NA,NA,74,83,91,93,103,159,80,84,91,93,101,107,73,73,97,103,111,131
Z11,F,0.1812,96,96,111,113,93,93,101,103,104,128,91,101,88,90,96,98,95,99,99,103,91,91,81,81,74,83,91,91,97,103,82,82,91,99,101,105,73,73,103,113,97,99
I94,M,0.2002,88,108,107,111,93,93,87,101,104,116,91,91,88,94,82,98,87,89,103,103,89,91,87,93,74,74,91,93,97,103,82,84,91,99,107,109,73,73,99,103,99,111
I8,F,0.1884,108,108,111,113,81,93,95,95,116,116,83,91,94,94,82,96,99,135,99,103,89,91,93,105,77,83,91,91,97,123,80,84,91,93,107,107,73,73,97,99,87,99
I64,M,0.2173,96,108,113,133,89,93,87,101,104,118,91,159,88,96,82,98,97,99,95,99,91,91,87,87,74,74,93,95,NA,NA,76,80,91,91,105,115,73,82,99,103,111,113
H210,M,0.1997,96,108,113,165,81,93,95,101,118,128,91,159,90,96,96,106,87,89,95,105,91,91,87,87,74,74,93,95,85,97,74,80,91,99,105,115,73,82,103,113,99,121
H2,M,0.2012,96,106,113,133,81,93,87,103,100,104,91,93,84,90,82,98,87,97,95,105,91,91,81,87,74,74,91,95,NA,NA,76,80,91,91,105,115,73,73,103,113,111,121
G8,F,0.1453,96,108,111,113,81,93,95,103,118,128,83,91,88,88,82,98,81,87,95,99,91,91,87,87,74,77,91,93,103,123,80,82,99,103,101,115,73,73,97,99,99,111
E11,F,0.1687,96,106,113,165,91,93,87,103,100,128,99,159,82,90,82,96,81,89,99,99,91,91,81,87,74,74,93,93,103,157,80,80,91,99,109,115,73,82,NA,NA,99,111
BR877,M,0.1654,106,108,109,133,81,93,87,103,100,128,91,93,88,96,96,98,69,79,95,105,91,91,81,87,74,74,91,95,97,145,74,80,91,99,105,105,73,82,105,113,99,113
BR542,F,0.1797,96,108,107,111,81,103,95,97,116,116,99,109,88,90,92,98,89,99,103,109,89,101,93,105,83,83,91,93,157,159,82,84,91,93,101,107,73,73,103,103,97,105
BR106,F,0.1575,96,96,111,113,91,93,103,105,104,116,83,91,88,94,82,98,87,89,103,105,91,91,81,87,74,83,91,91,103,157,80,82,99,103,105,109,73,73,97,99,97,111
BR610,M,0.1844,96,108,113,171,81,93,93,103,102,118,91,101,74,90,82,98,89,93,93,103,89,91,81,103,74,77,91,93,97,147,78,80,91,99,105,107,73,73,103,111,99,103
